source_rowID,first_name,last_name,              street,         city,               state,  zip,          phone,               email,      source,      rowID
1,    Dennis, Sullivan,  232 Dryden Terrace,     Appleton,           Wisconsin,54915,1-(920)529-3924, dsullivan1@ucla.edu,Debt Manager,0
2,     Harry,    Davis,4693 Northport Te...,New York City,            New York,10029,1-(917)953-7140,hdavis3@networkad...,Debt Manager,1
3,  Michelle,    White,185 Manitowish Point,      Atlanta,             Georgia,30323,1-(678)692-6250,     mwhite4@hud.gov,Debt Manager,2
4,     Marie,     Wood,98869 Claremont P...,     Pasadena,          California,91125,1-(626)747-3764,mwood5@bravesites...,Debt Manager,3
5,     Karen,   Fisher,4323 Bluestem Center, Philadelphia,        Pennsylvania,19115,1-(267)279-4286,kfishere@blogger.com,Debt Manager,4
6,      Gary,  Carroll, 678 Wayridge Center,     Scranton,        Pennsylvania,18514,1-(570)785-1034,gcarrollg@discove...,Debt Manager,5
7,      Paul, Gonzales,    47 Main Crossing,   Pittsburgh,        Pennsylvania,15205,1-(724)209-2821,  pgonzalesh@pbs.org,Debt Manager,6
8,      Rose,     Sims, 03535 Knutson Place,  Hattiesburg,         Mississippi,39404,1-(601)773-3815,rsimsi@slideshare...,Debt Manager,7
316,    Ronald,   Powell,    2 Crowley Center,     Pasadena,          California,91131,1-(626)574-7779,  rpowell0@jomla.org,Debt Manager,8589934592
317,      Judy, Harrison,    59517 Dottie Way,   Birmingham,             Alabama,35263,1-(205)308-3808,jharrison7@sogou.com,Debt Manager,8589934593
318,    Andrew,Robertson,    9812 Troy Avenue,      Houston,               Texas,77085,1-(713)453-8878,arobertson8@censu...,Debt Manager,8589934594
319,      Ruth, Gonzales,     0 Mcguire Court,New York City,            New York,10115,1-(212)506-2497,rgonzales9@shop-p...,Debt Manager,8589934595
320,   Heather,  Hawkins, 07155 Calypso Alley,Daytona Beach,             Florida,32128,1-(386)294-7334,hhawkin@amazon.co.uk,Debt Manager,8589934596
321,    Thomas,   Lawson,061 Magdeline Circle,       London,            Kentucky,40745,1-(606)272-1234,   tlawsonf@admin.ch,Debt Manager,8589934597
322,      Gary,  Carroll, 678 Wayridge Center,     Scranton,        Pennsylvania,18514,1-(500)785-2234,gcarllg@discovery...,Debt Manager,8589934598
1,     Julia,  Stanley,  1185 Schiller Road,      El Paso,               Texas,79950,1-(915)355-9697,jstanley6@trellia...,     Triumph,17179869184
2,    Andrew,Robertson,    9812 Troy Avenue,      Houston,               Texas,77085,1-(713)453-8078,arobertson8@censu...,     Triumph,17179869185
3,      Ruth, Gonzales,     0 Mcguire Court,New York City,            New York,10115,1-(212)506-2407,rgonzales9@shop-p...,     Triumph,17179869186
4,     Alice,      Lee,     677 Aberg Trail,   Washington,District of Columbia,20210,1-(202)923-5471,  aleea@omniture.com,     Triumph,17179869187
331,    Dennis, Sullivan,  232 Dryden Terrace,     Appleton,           Wisconsin,54915,1-(920)529-3924,dsullivan12@ucla.edu,     Triumph,17179869188
332,    Howard,    Myers,    97 Debra Parkway,   Sacramento,          California,95865,1-(961)234-8983,yers2@businesswir...,     Triumph,17179869189
333,     Harry,    Davis,4693 Northport Te...,New York City,            New York,10029,1-(917)953-7410,hdavis3@networkad...,     Triumph,25769803776
334,  Michelle,    White,185 Manitowish Point,      Atlanta,             Georgia,30323, 1-(678)692-625,     mwhite4@hud.gov,     Triumph,25769803777
335,     Alice,      Lee,     677 Aberg Trail,   Washington,District of Columbia,20210,1-(202)923-4531,  aleea@omniture.com,     Triumph,25769803778
336,      Paul, Gonzales,    47 Main Crossing,   Pittsburgh,        Pennsylvania,15205,1-(724)209-2821,    pgzalesh@pbs.org,     Triumph,25769803779
337,    Thomas,   Lawson,061 Magdeline Circle,       London,            Kentucky,40745,1-(606)272-1222,    tlawson@admin.ch,     Triumph,25769803780
338,      Rose,     Sims, 03535 Knutson Place,  Hattiesburg,         Mississippi,39404,  1-(601)3-3878,  rmsi@slideshar.net,     Triumph,25769803781
1,    Ronald,   Powell,    2 Crowley Center,     Pasadena,          California,91131,1-(626)574-7779, rpowell0@joomla.org,        UKBA,34359738368
2,    Howard,    Myers,    97 Debra Parkway,   Sacramento,          California,95865,1-(916)234-8983,hmyers2@businessw...,        UKBA,34359738369
3,      Judy, Harrison,    59517 Dottie Way,   Birmingham,             Alabama,35263,1-(205)308-3808,jharrison7@sogou.com,        UKBA,34359738370
4,   Cynthia,   Chavez,       602 Lien Pass,   Washington,District of Columbia,20205,1-(202)761-5752,   cchavezb@hibu.com,        UKBA,34359738371
5,   Heather,  Hawkins, 07155 Calypso Alley,Daytona Beach,             Florida,32128,1-(386)294-7334,hhawkinsc@amazon....,        UKBA,34359738372
6,      Juan,    Hayes,1561 Bashford Center,      Wichita,              Kansas,67210,1-(316)363-0543,jhayesd@stumbleup...,        UKBA,34359738373
7,    Thomas,   Lawson,061 Magdeline Circle,       London,            Kentucky,40745,1-(606)272-2034,   tlawsonf@admin.ch,        UKBA,34359738374
8,    Rachel,     Ward,  579 Colorado Court,   Sacramento,          California,95818,1-(530)314-6905,      rwardj@ask.com,        UKBA,34359738375
356,     Marie,     Wood,98869 Claremont P...,     Pasadena,          California,91125,1-(626)777-3764,mwood5@bravesites...,        UKBA,34359738376
357,     Julia,  Stanley,  1185 Schiller Road,      El Paso,               Texas,79950,     1-(915)355,stanley@trellian.com,        UKBA,42949672960
358,   Cynthia,   Chavez,       602 Lien Pass,   Washington,District of Columbia,20205,1-(202)761-5752,    chavezb@hibu.com,        UKBA,42949672961
359,      Juan,    Hayes,1561 Bashford Center,      Wichita,              Kansas,67210,1-(322)363-0543,jhayesd@stumbleup...,        UKBA,42949672962
360,     Karen,   Fisher,4323 Bluestem Center, Philadelphia,        Pennsylvania,19115,1-(267)279-4233,kfishere@blogger.com,        UKBA,42949672963
361,      Gary,  Carroll, 678 Wayridge Center,     Scranton,        Pennsylvania,18514,1-(500)785-1034,gcarrollg@discove...,        UKBA,42949672964
362,      Rose,     Sims, 03535 Knutson Place,  Hattiesburg,         Mississippi,39404,  1-(601)3-3815, rmsi@slideshare.net,        UKBA,42949672965
363,     Karen,   Fisher,4323 Bluestem Center, Philadelphia,        Pennsylvania,19115,1-(267)279-3333,  kfishe@blogger.com,        UKBA,42949672966
364,      Paul, Gonzales,    47 Main Crossing,   Pittsburgh,        Pennsylvania,15205,1-(724)209-2828,    pgzalesh@pbs.org,        UKBA,42949672967
